<?xml version='1.0' encoding='UTF-8'?>
<?artifactRepository version='1.1.0'?>
<repository name='Bundle pool' type='org.eclipse.equinox.p2.artifact.repository.simpleRepository' version='1'>
  <properties size='2'>
    <property name='p2.system' value='true'/>
    <property name='p2.timestamp' value='1272787398836'/>
  </properties>
  <mappings size='3'>
    <rule filter='(&amp; (classifier=osgi.bundle))' output='${repoUrl}/plugins/${id}_${version}.jar'/>
    <rule filter='(&amp; (classifier=binary))' output='${repoUrl}/binary/${id}_${version}'/>
    <rule filter='(&amp; (classifier=org.eclipse.update.feature))' output='${repoUrl}/features/${id}_${version}.jar'/>
  </mappings>
  <artifacts size='25'>
    <artifact classifier='osgi.bundle' id='org.eclipse.core.commands' version='3.5.0.I20090525-2000'>
      <properties size='2'>
        <property name='artifact.size' value='105796'/>
        <property name='download.size' value='105796'/>
      </properties>
    </artifact>
    <artifact classifier='osgi.bundle' id='org.eclipse.core.expressions' version='3.4.101.R35x_v20100209'>
      <properties size='2'>
        <property name='artifact.size' value='86941'/>
        <property name='download.size' value='86941'/>
      </properties>
    </artifact>
    <artifact classifier='osgi.bundle' id='org.eclipse.core.databinding' version='1.2.0.M20090819-0800'>
      <properties size='2'>
        <property name='artifact.size' value='203095'/>
        <property name='download.size' value='203095'/>
      </properties>
    </artifact>
    <artifact classifier='osgi.bundle' id='com.ibm.icu' version='4.0.1.v20090822'>
      <properties size='2'>
        <property name='artifact.size' value='5787493'/>
        <property name='download.size' value='5787493'/>
      </properties>
    </artifact>
    <artifact classifier='osgi.bundle' id='org.eclipse.equinox.app' version='1.2.1.R35x_v20091203'>
      <properties size='2'>
        <property name='artifact.size' value='82917'/>
        <property name='download.size' value='82917'/>
      </properties>
    </artifact>
    <artifact classifier='osgi.bundle' id='org.eclipse.osgi' version='3.5.2.R35x_v20100126'>
      <properties size='2'>
        <property name='artifact.size' value='1127657'/>
        <property name='download.size' value='1127657'/>
      </properties>
    </artifact>
    <artifact classifier='osgi.bundle' id='org.eclipse.ui.workbench' version='3.5.2.M20100113-0800'>
      <properties size='2'>
        <property name='artifact.size' value='4072243'/>
        <property name='download.size' value='4072243'/>
      </properties>
    </artifact>
    <artifact classifier='osgi.bundle' id='org.eclipse.jface.databinding' version='1.3.1.M20090826-0800'>
      <properties size='2'>
        <property name='artifact.size' value='263837'/>
        <property name='download.size' value='263837'/>
      </properties>
    </artifact>
    <artifact classifier='osgi.bundle' id='org.eclipse.ui' version='3.5.2.M20100120-0800'>
      <properties size='2'>
        <property name='artifact.size' value='150566'/>
        <property name='download.size' value='150566'/>
      </properties>
    </artifact>
    <artifact classifier='osgi.bundle' id='org.eclipse.equinox.launcher.win32.win32.x86' version='1.0.200.v20090519'>
      <properties size='2'>
        <property name='artifact.size' value='4096'/>
        <property name='download.size' value='32174'/>
      </properties>
      <repositoryProperties size='1'>
        <property name='artifact.folder' value='true'/>
      </repositoryProperties>
    </artifact>
    <artifact classifier='osgi.bundle' id='org.eclipse.equinox.preferences' version='3.2.301.R35x_v20091117'>
      <properties size='2'>
        <property name='artifact.size' value='106711'/>
        <property name='download.size' value='106711'/>
      </properties>
    </artifact>
    <artifact classifier='osgi.bundle' id='org.eclipse.help' version='3.4.1.v20090805_35x'>
      <properties size='2'>
        <property name='artifact.size' value='218339'/>
        <property name='download.size' value='218339'/>
      </properties>
    </artifact>
    <artifact classifier='osgi.bundle' id='org.eclipse.equinox.common' version='3.5.1.R35x_v20090807-1100'>
      <properties size='2'>
        <property name='artifact.size' value='99448'/>
        <property name='download.size' value='99448'/>
      </properties>
    </artifact>
    <artifact classifier='osgi.bundle' id='org.eclipse.swt.win32.win32.x86' version='3.5.2.v3557f'>
      <properties size='2'>
        <property name='artifact.size' value='2259881'/>
        <property name='download.size' value='2259881'/>
      </properties>
    </artifact>
    <artifact classifier='osgi.bundle' id='org.eclipse.jface' version='3.5.2.M20100120-0800'>
      <properties size='2'>
        <property name='artifact.size' value='1059744'/>
        <property name='download.size' value='1059744'/>
      </properties>
    </artifact>
    <artifact classifier='osgi.bundle' id='org.eclipse.core.databinding.property' version='1.2.0.M20090819-0800'>
      <properties size='2'>
        <property name='artifact.size' value='176643'/>
        <property name='download.size' value='176643'/>
      </properties>
    </artifact>
    <artifact classifier='osgi.bundle' id='org.eclipse.core.runtime.compatibility.registry' version='3.2.200.v20090429-1800'>
      <properties size='2'>
        <property name='artifact.size' value='4096'/>
        <property name='download.size' value='14383'/>
      </properties>
      <repositoryProperties size='1'>
        <property name='artifact.folder' value='true'/>
      </repositoryProperties>
    </artifact>
    <artifact classifier='osgi.bundle' id='edu.missouri.eldercare' version='1.0.0.201005020302'>
      <properties size='2'>
        <property name='artifact.size' value='4096'/>
        <property name='download.size' value='477805'/>
      </properties>
    </artifact>
    <artifact classifier='osgi.bundle' id='org.eclipse.core.databinding.observable' version='1.2.0.M20090902-0800'>
      <properties size='2'>
        <property name='artifact.size' value='283349'/>
        <property name='download.size' value='283349'/>
      </properties>
    </artifact>
    <artifact classifier='osgi.bundle' id='org.eclipse.equinox.launcher' version='1.0.201.R35x_v20090715'>
      <properties size='2'>
        <property name='artifact.size' value='44817'/>
        <property name='download.size' value='44817'/>
      </properties>
    </artifact>
    <artifact classifier='osgi.bundle' id='org.eclipse.equinox.registry' version='3.4.100.v20090520-1800'>
      <properties size='2'>
        <property name='artifact.size' value='173316'/>
        <property name='download.size' value='173316'/>
      </properties>
    </artifact>
    <artifact classifier='osgi.bundle' id='org.eclipse.swt' version='3.5.2.v3557f'>
      <properties size='2'>
        <property name='artifact.size' value='17324'/>
        <property name='download.size' value='17324'/>
      </properties>
    </artifact>
    <artifact classifier='osgi.bundle' id='org.eclipse.core.contenttype' version='3.4.1.R35x_v20090826-0451'>
      <properties size='2'>
        <property name='artifact.size' value='87505'/>
        <property name='download.size' value='87505'/>
      </properties>
    </artifact>
    <artifact classifier='osgi.bundle' id='org.eclipse.core.runtime' version='3.5.0.v20090525'>
      <properties size='2'>
        <property name='artifact.size' value='69761'/>
        <property name='download.size' value='69761'/>
      </properties>
    </artifact>
    <artifact classifier='osgi.bundle' id='org.eclipse.core.jobs' version='3.4.100.v20090429-1800'>
      <properties size='2'>
        <property name='artifact.size' value='81848'/>
        <property name='download.size' value='81848'/>
      </properties>
    </artifact>
  </artifacts>
</repository>
